X,Graphic Profile 1
0,-6.0154
0.498792873168,-5.98390000001
0.99758574494,-5.95480000001
1.4963786208,-5.9866
1.99517149347,-6.1554
2.49396436664,-6.39320000001
2.99275723931,-6.8492
3.49155011247,-7.3033
3.99034298589,-7.52800000001
4.48913585856,-7.52589999999
4.98792873173,-7.2408
5.4867216044,-6.8637
5.98551447886,-6.7735
6.48430735203,-6.9014
6.9831002247,-7.3838
7.48189309787,-6.9599
7.98068597054,-6.40459999999
8.4794788437,-6.3276
8.97827171637,-6.20510000001
9.47706458954,-6.247
9.97585746221,-6.1624
10.4746503372,-6.13250000001
10.9734432106,-6.0959
11.4722360833,-6.07249999999
11.9710289557,-6.11350000001
12.4698218291,-6.105
12.9686147018,-6.2162
13.4674075749,-6.1774
13.9662004476,-6.3219
14.4649933235,-6.4774
14.9637861961,-6.64969999999
15.4625790693,-6.8455
15.961371942,-6.997
16.4601648151,-7.04240000001
16.9589576878,-6.95359999999
17.457750561,-6.8055
17.9565434336,-6.5545
18.4553363071,-6.4188
18.9541291795,-6.3986
19.4529220529,-6.2974
19.9517149256,-6.19379999999
20.4505077987,-6.2108
20.9493006732,-6.2049
21.4480935464,-6.1995
21.946886419,-6.1018
22.4456792922,-6.0006
22.9444721649,-5.99589999999
23.443265038,-5.9945
23.9420579107,-5.93090000001
24.4408507839,-5.8792
24.9396436565,-5.94259999999
25.4384365318,-5.8697
25.9372294042,-5.906
26.4360222776,-6.05250000001
26.9348151503,-5.98239999999
27.4336080234,-5.921
27.9324008961,-5.97289999999
28.4311937693,-5.9902
28.9299866419,-6.0379
29.4287795151,-6.083
29.9275723905,-6.1583
30.4263652636,-6.23299999999
30.9251581363,-6.25599999999
31.4239510095,-6.2665
31.9227438821,-6.38649999999
32.4215367556,-6.4694
32.920329628,-6.90949999999
33.4191225014,-7.4909
33.9179153741,-8.0071
34.4167082472,-8.1283
34.9155011199,-7.54949999999
35.4142939931,-7.3652
35.9130868657,-7.2194
36.4118797389,-7.57859999999
36.9106726134,-8.32180000001
37.4094654865,-8.2858
37.9082583592,-7.6822
38.4070512324,-7.2648
38.9058441051,-6.9106
39.4046369785,-6.80530000001
39.9034298511,-6.7194
40.4022227243,-6.5303
40.9010155988,-6.3947
41.3998084719,-6.3348
41.8986013446,-6.2882
42.3973942178,-6.1928
42.8961870904,-6.10980000001
43.3949799636,-6.10649999999
43.8937728363,-6.077
44.3925657094,-6.0307
44.8913585821,-6.0151
45.390151458,-6.0024
45.8889443306,-5.9007
46.3877372041,-5.8952
46.8865300767,-5.9283
47.385322949,-5.88370000001
47.8841158217,-5.8989
48.3829086948,-5.8915
48.8817015675,-5.92449999999
49.3804944407,-5.7936
49.8792873133,-5.9004
50.3780801865,-5.8845
50.8768730592,-5.90919999999
51.3756659324,-5.9734
51.8744588077,-5.98579999999
52.3732516811,-6.0215
52.8720445536,-6.0346
53.370837427,-6.1229
53.8696302996,-6.2825
54.3684231728,-6.34570000001
54.8672160455,-6.41069999999
55.3660089186,-6.4635
55.8648017913,-6.5638
56.3635946663,-6.7571
56.8623875389,-7.144
57.3611804121,-7.53350000001
57.8599732848,-8.3714
58.358766158,-8.7179
58.8575590306,-8.80869999999
59.356351904,-8.8244
59.8551447765,-8.76949999999
60.3539376499,-8.82739999999
60.8527305243,-8.40459999999
61.3515233968,-8.9473
61.8503162702,-8.8659
62.3491091433,-7.8621
62.847902016,-7.63649999999
63.3466948892,-7.2179
63.8454877618,-7.12209999999
64.344280635,-6.9758
64.8430735077,-6.9017
65.3418663835,-6.8034
65.8406592562,-6.6594
66.3394521296,-6.5563
66.8382450021,-6.4325
67.3370378755,-6.2596
67.8358307481,-6.1369
68.3346236206,-6.1151
68.833416494,-6.0839
69.3322093671,-6.0518
69.8310022398,-6.02009999999
70.329795113,-5.9106
70.8285879857,-5.8208
71.3273808588,-5.856
71.8261737333,-5.81020000001
72.3249666065,-5.79489999999
72.8237594791,-5.78509999999
73.3225523525,-5.7574
73.821345225,-5.7298
74.3201380984,-5.7159
74.818930971,-5.8122
75.3177238435,-5.8472
75.8165167169,-5.90270000001
76.3153095918,-5.92290000001
76.8141024645,-5.9396
77.3128953377,-5.9938
77.8116882104,-5.9277
78.3104810835,-5.91250000001
78.8092739562,-5.94929999999
79.3080668294,-5.9454
79.806859702,-6.0573
80.3056525754,-6.10980000001
80.8044454506,-6.2203
81.303238324,-6.3959
81.8020311966,-6.5399
82.3008240693,-6.75260000001
82.7996169425,-6.8195
83.2984098156,-7.6666
83.7972026883,-8.7432
84.2959955615,-8.84020000001
84.7947884342,-8.4038
85.2935813073,-7.3894
85.7923741791,-7.9936
86.2911670523,-8.4604
86.7899599249,-8.7641
87.288752801,-8.7761
87.7875456737,-9.0432
88.2863385469,-9.0673
88.7851314195,-9.0316
89.2839242922,-8.11410000001
89.7827171654,-7.64
90.2815100381,-7.32180000001
90.7803029112,-7.205
91.2790957844,-7.15949999999
91.7778886589,-7.08289999999
92.276681532,-6.92750000001
92.7754744047,-6.7414
93.2742672779,-6.58900000001
93.7730601505,-6.55929999999
94.2718530239,-6.5292
94.7706458966,-6.4289
95.269438769,-6.32460000001
95.7682316425,-6.29580000001
96.2670245169,-6.307
96.7658173901,-6.2828
97.2646102628,-6.2466
97.7634031359,-6.16650000001
98.2621960091,-6.1333
98.7609888818,-6.17849999999
99.2597817549,-6.21920000001
99.7585746276,-6.0667
100.257367501,-6.09910000001
100.756160376,-6.2075
101.25495325,-6.3838
101.753746122,-6.6064
102.252538995,-6.8435
102.751331868,-6.98119999999
103.250124741,-7.2233
103.748917614,-7.3774
104.247710487,-7.4423
104.74650336,-7.61569999999
105.245296233,-7.82309999999
105.744089106,-7.7547
106.242881979,-7.5004
106.741674851,-7.59269999999
107.240467727,-7.4356
107.739260599,-7.0387
108.238053472,-6.935
108.736846345,-6.7934
109.235639218,-6.6707
109.734432091,-6.6308
110.233224964,-6.6593
110.732017837,-6.6447
111.230810709,-6.5459
111.729603584,-6.461
112.228396458,-6.6563
112.72718933,-7.3259
113.225982203,-7.30439999999
113.724775076,-7.48699999999
114.22356795,-7.5019
114.722360822,-7.527
115.221153695,-7.2341
115.719946568,-7.6906
116.218739443,-7.8077
116.717532317,-7.6528
117.216325189,-7.1915
117.715118062,-6.8714
118.213910935,-6.70419999999
118.712703808,-6.5705
119.211496681,-6.4366
119.710289554,-6.3314
120.209082427,-6.311
120.7078753,-6.29790000001
121.206668173,-6.3229
121.705461046,-6.2732
122.204253919,-6.1691
122.703046794,-6.11689999999
123.201839666,-6.08100000001
123.700632539,-6.0245
124.199425412,-6.0815
124.698218285,-6.18829999999
125.197011158,-6.20269999999
125.695804031,-6.12480000001
126.194596904,-5.883
126.693389777,-5.9181
127.192182652,-5.98330000001
127.690975525,-6.0472
128.189768398,-6.1008
128.68856127,-6.11289999999
129.187354144,-6.10950000001
129.686147017,-6.1513
130.184939889,-6.1559
130.682359191,-6.2225
131.179778494,-6.3318
131.677197794,-6.45269999999
132.174617096,-6.58990000001
132.672036397,-6.9289
133.169455697,-7.804
133.666875,-8.2402
134.164294301,-8.3103
134.661713601,-8.3259
135.159132902,-8.2997
135.656552203,-8.33349999999
136.153971506,-8.39260000001
136.651390807,-8.238
137.148810108,-8.5673
137.646229409,-8.48910000001
138.14364871,-7.974
138.641068012,-7.3988
139.138487314,-7.2018
139.635906614,-7.1476
140.133325915,-6.9841
140.630745218,-6.8471
141.128164519,-6.7527
141.62558382,-6.5852
142.123003121,-6.6238
142.620422423,-6.46829999999
143.117841723,-6.35340000001
143.615261024,-6.3682
144.112680327,-6.3667
144.610099627,-6.311
145.107518928,-6.1933
145.604938232,-6.1355
146.102357532,-6.1263
146.599776833,-6.1198
147.097196134,-6.24069999999
147.594615435,-6.0901
148.092034736,-6.014
148.589454038,-6.0773
149.08687334,-6.1452
149.584292641,-6.1937
150.081711943,-6.2035
150.579131245,-6.3077
151.076550544,-6.49000000001
151.573969846,-6.7424
152.071389147,-7.1073
152.568808449,-7.7313
153.066227749,-8.3659
153.563647052,-8.5108
154.061066352,-8.5448
154.558485654,-8.48669999999
155.055904956,-8.4408
155.553324257,-7.70239999999
156.050743558,-8.82180000001
156.548162858,-8.78109999999
157.04558216,-8.78750000001
157.54300146,-8.5751
158.040420762,-8.06389999999
158.537840064,-8.0555
159.035259365,-7.7522
159.532678667,-7.3857
160.030097967,-7.20480000001
160.52751727,-7.1287
161.02493657,-6.9783
161.522355872,-6.87
162.019775173,-6.8002
162.517194473,-6.69070000001
163.014613777,-6.6274
163.512033078,-6.5267
164.009452378,-6.42509999999
164.50687168,-6.40609999999
165.004290979,-6.3046
165.501710283,-6.2072
165.999129585,-6.1906
166.496548884,-6.20940000001
166.993968186,-6.31020000001
167.491387486,-6.3006
167.988806789,-6.2623
168.48622609,-6.3443
168.983645391,-6.4151
169.481064693,-6.469
169.978483993,-6.7592
170.475903296,-8.0145
170.973322597,-8.3311
171.470741897,-7.7604
171.968161199,-7.69839999999
172.465580501,-8.3624
172.962999802,-8.4792
173.460419104,-8.52959999999
173.957838404,-8.6281
174.455257706,-8.5456
174.952677006,-8.03320000001
175.450096306,-7.40180000001
175.947515609,-7.1073
176.44493491,-6.9693
176.942354211,-6.769
177.439773515,-6.61040000001
177.937192815,-6.4739
178.434612116,-6.4504
178.932031417,-6.3649
179.429450718,-6.30899999999
179.926870019,-6.2188
180.42428932,-6.18949999999
180.921708623,-6.1076
181.419127924,-6.04949999999
181.916547223,-6.03660000001
182.413966528,-6.03320000001
182.911385828,-5.96060000001
183.40880513,-5.8655
183.90622443,-5.85189999999
184.403643732,-5.8478
184.901063032,-5.8944
185.398482335,-5.89969999999
185.895901635,-5.91469999999
186.393320937,-5.9363
186.89074024,-6.1113
187.38815954,-6.3101
187.885578841,-6.4442
188.382998141,-6.5304
188.880417443,-6.628
189.377836743,-6.72040000001
189.875256045,-6.9185
190.372675348,-7.1382
190.870094648,-7.4575
191.36751395,-8.3063
191.864933249,-8.52159999999
192.362352553,-8.495
192.859771854,-7.82640000001
193.357191155,-7.4485
193.854610456,-7.27680000001
194.352029757,-7.0977
194.849449059,-8.3073
195.346868361,-9.21249999999
195.844287661,-9.23269999999
196.341706962,-9.2077
196.839126263,-7.8636
197.336545566,-8.3991
197.833964867,-7.6272
198.331384167,-7.3132
198.828803469,-7.1427
199.326222769,-7.0523
199.823642072,-6.8873
200.321061374,-6.7136
200.818480674,-6.62
201.315899976,-6.4473
201.813319276,-6.3771
202.310738579,-6.2317
202.808157881,-6.25569999999
203.30557718,-6.2292
203.802996482,-6.1844
204.300415785,-6.1572
204.797835085,-6.0794
205.295254386,-6.0912
205.792673687,-6.0953
206.290092988,-6.0416
206.78751229,-5.93090000001
207.284931589,-5.9568
207.782350893,-6.0031
208.279770193,-6.01549999999
208.779359069,-6.1382
209.278947944,-6.12420000001
209.77853682,-6.2193
210.278125695,-6.3317
210.777714569,-6.54180000001
211.277303445,-7.0434
211.77689232,-7.5681
212.276481196,-7.53630000001
212.77607007,-7.5586
213.275658947,-7.6845
213.775247823,-9.3082
214.274836697,-9.3625
214.774425571,-9.2975
215.274014447,-8.921
215.773603322,-8.36139999999
216.273192198,-9.1835
216.772781073,-7.7392
217.272369949,-7.0723
217.771958823,-7.0555
218.271547699,-6.7751
218.771136573,-6.7496
219.27072545,-6.6142
219.770314324,-6.49430000001
220.2699032,-6.4259
220.769492074,-6.35370000001
221.269080951,-6.3115
221.768669825,-6.2363
222.268258701,-6.2591
222.767847575,-6.1596
223.267436452,-6.094
223.767025327,-6.07460000001
224.266614203,-6.016
224.766203077,-5.9721
225.265791951,-6.0616
225.765380827,-6.2087
226.264969704,-6.2749
226.764558578,-6.22500000001
227.264147454,-6.1646
227.763736328,-6.2167
228.263325205,-6.1203
228.762914079,-6.11010000001
229.262502953,-5.83869999999
229.76209183,-5.8772
230.261680705,-5.9664
230.761269581,-6.0153
231.260858456,-6.0058
231.760447331,-5.9528
232.260036207,-5.8492
232.759625081,-5.64109999999
233.259213956,-5.77830000001
233.758802833,-5.98450000001
234.258391707,-6.5827
234.757980583,-6.7276
235.257569457,-6.7325
235.757158334,-6.4945
236.25674721,-6.3582
236.756336084,-6.69749999999
237.255924958,-6.7896
237.755513834,-6.7899
238.255102709,-6.8749
238.754691585,-6.8023
239.254280459,-6.4638
239.753869335,-6.276
240.25345821,-5.9054
240.753047086,-5.86440000001
241.252635961,-5.9192
241.752224837,-6.0053
242.251813711,-5.9814
242.751402588,-5.976
243.250991462,-5.9902
243.750580338,-6.00900000001
244.250169212,-5.9359
244.749758088,-6.0025
245.249346963,-6.0114
245.748935838,-6.15850000001
246.248524713,-6.2522
246.74811359,-6.3486
247.247702464,-6.833
247.747291339,-7.59849999999
248.246880214,-7.5193
248.746469091,-8.0631
249.246057965,-8.1879
249.745646842,-8.07490000001
250.245235715,-7.64109999999
250.744824592,-7.2968
251.244413466,-7.8146
251.74400234,-8.24370000001
252.243591216,-8.1548
252.74318009,-7.97900000001
253.242768968,-7.7069
253.742357844,-7.2724
254.241946718,-6.75380000001
254.741535592,-6.622
255.241124468,-6.36079999999
255.740713343,-6.24490000001
256.240302219,-6.2175
256.739891093,-6.2032
257.239479969,-6.15820000001
257.739068843,-6.17999999999
258.23865772,-6.13189999999
258.738246594,-6.0895
259.23783547,-6.1012
259.737424346,-6.0411
260.237013222,-5.98239999999
260.736602096,-6.02619999999
261.236190972,-6.0401
261.735779846,-5.9993
262.235368722,-6.0009
262.734957596,-6.00380000001
263.234546472,-6.06540000001
263.734135347,-6.15360000001
264.233724223,-6.11659999999
264.733313097,-6.1917
265.232901971,-6.2574
265.732490848,-6.2944
266.232079725,-6.2596
266.7316686,-6.1963
267.231257475,-6.185
267.73084635,-6.2179
268.230435226,-6.1465
268.7300241,-6.1309
269.229612974,-6.2261
269.72920185,-6.2308
270.228790725,-6.181
270.728379601,-6.1496
271.227968477,-6.2539
271.727557351,-6.2478
272.227146228,-6.21120000001
272.726735103,-6.1865
273.226323977,-6.186
273.725912853,-6.2166
274.225501727,-6.2404
274.725090604,-6.254
275.224679478,-6.2741
275.724268354,-6.4437
276.22385723,-8.7948
276.723446105,-9.4801
277.22303498,-9.5819
277.722623855,-9.6246
278.22221273,-9.6094
278.721801606,-9.2233
279.22139048,-7.2487
279.720979357,-7.0644
280.22056823,-7.40700000001
280.720157107,-9.13959999999
281.219745981,-9.67690000001
281.719334857,-9.71769999999
282.218923732,-9.7435
282.718512608,-8.8236
283.218101483,-7.5582
283.717690359,-7.2637
284.217279233,-6.96829999999
284.716868109,-6.9161
285.216456984,-6.87390000001
285.71604586,-6.76360000001
286.215634734,-6.61689999999
286.71522361,-6.5702
287.214812484,-6.5447
287.714401359,-6.60219999999
288.213990235,-6.5861
288.713579111,-6.4699
289.213167985,-6.3857
289.712756862,-6.3349
290.212345737,-6.2706
290.711934613,-6.2669
291.211523487,-6.3633
291.711112362,-6.2558
292.210701237,-6.28939999999
292.710290112,-6.2792
293.209878988,-6.26149999999
293.709467864,-6.2362
294.209056738,-6.1777
294.708645615,-6.0935
295.208234489,-6.067
295.707823363,-6.07369999999
296.206877368,-6.18700000001
296.705931372,-6.13499999999
297.204985377,-6.1128
297.704039382,-6.15330000001
298.203093386,-6.02770000001
298.70214739,-6.0839
299.201201393,-6.1336
299.700255398,-6.1321
300.199309402,-6.16899999999
300.698363406,-6.1572
301.19741741,-6.175
301.696471414,-6.2283
302.195525418,-6.34789999999
302.694579423,-6.4146
303.193633427,-6.6256
303.692687431,-7.3223
304.191741436,-7.7341
304.690795441,-7.84639999999
305.189849445,-7.90979999999
305.68890345,-7.56909999999
306.187957453,-7.6103
306.687011457,-7.9552
307.186065462,-7.9826
307.685119466,-8.0895
308.184173469,-7.8486
308.683227475,-7.3942
309.182281479,-6.9743
309.681335483,-6.82610000001
310.180389487,-6.7172
310.67944349,-6.59729999999
311.178497495,-6.6151
311.677551499,-6.6575
312.176605504,-7.2746
312.675659509,-7.8512
313.174713513,-7.9581
313.673767516,-7.7919
314.172821521,-7.4526
314.671875525,-7.13649999999
315.170929529,-7.35520000001
315.669983534,-8.0114
316.169037538,-7.7959
316.668091542,-7.2559
317.167145547,-6.9289
317.66619955,-6.5505
318.165253554,-6.4191
318.664307559,-6.26579999999
319.163361563,-6.11990000001
319.662415568,-6.0457
320.161469572,-6.0387
320.660523576,-6.0013
321.15957758,-5.92600000001
321.658631584,-5.9865
322.157685589,-6.0153
322.656739593,-5.92539999999
323.155793597,-5.9341
323.654847602,-5.97070000001
324.153901605,-5.89629999999
324.652955609,-5.8651
325.152009615,-5.9639
325.651063618,-5.91529999999
326.150117621,-5.8272
326.649171627,-5.7499
327.148225632,-5.8781
327.647279636,-5.9274
328.14633364,-5.9259
328.645387643,-5.9388
329.144441649,-6.0876
329.643495653,-6.2752
330.142549656,-6.4013
330.641603661,-6.60219999999
331.140657665,-7.5309
331.639711669,-7.8026
332.138765674,-7.70209999999
332.637819677,-7.4045
333.136873681,-6.9629
333.635927686,-7.5962
334.13498169,-7.6194
334.634035693,-7.36139999999
335.1330897,-6.78389999999
335.632143704,-6.5917
336.131197708,-6.3496
336.630251713,-6.16
337.129305716,-6.0974
337.62835972,-5.9522
338.127413724,-5.97319999999
338.626467729,-5.9455
339.125521732,-5.95759999999
339.624575736,-5.9164
340.123629741,-5.8312
340.622683745,-5.8297
341.121737748,-5.8058
341.620791754,-5.7776
342.119845757,-5.8317
342.618899763,-5.8527
343.117953768,-5.8694
343.617007772,-5.8572
344.116061775,-5.8643
344.615115781,-5.87300000001
345.114169784,-5.97960000001
345.613223788,-6.10060000001
346.112277791,-6.448
346.611331795,-7.5818
347.1103858,-7.6296
347.609439804,-7.52129999999
348.108493808,-7.44100000001
348.607547813,-7.03049999999
349.106601816,-7.5056
349.60565582,-7.5722
350.104709827,-7.4457
350.603763831,-7.0238
351.102817835,-6.5877
351.601871839,-6.6225
352.100925841,-6.955
352.599979847,-7.25840000001
353.099033852,-7.3471
353.598087855,-7.24430000001
354.097141859,-7.28969999999
354.596195864,-7.41740000001
355.095249868,-7.33560000001
355.594303872,-7.2265
356.093357876,-7.0704
356.59241188,-6.78260000001
357.091465884,-6.2672
357.590519891,-6.08229999999
358.089573895,-6.02370000001
358.588627898,-5.9433
359.0876819,-5.9163
359.586735905,-5.8533
360.085789911,-5.74589999999
360.584843914,-5.7781
361.08389792,-5.7884
361.582951924,-5.74000000001
362.082005927,-5.73579999999
362.581059932,-5.7291
363.080113936,-5.8078
363.57916794,-5.7597
364.078221943,-5.6784
364.577275948,-5.7455
365.076329954,-5.7546
365.575383956,-5.7692
366.074437959,-5.7668
366.573491965,-5.8156
367.072545969,-5.7359
367.571599974,-5.8241
368.070653979,-5.8622
368.569707982,-5.8688
369.068761986,-5.9014
369.567815991,-6.0166
370.066869995,-6.36440000001
370.565923998,-6.982
371.064978003,-6.7515
371.564032007,-6.4268
372.063086011,-6.4283
372.562140016,-7.2304
373.06119402,-7.2545
373.560248024,-6.65889999999
374.059463858,-6.216
374.558679691,-6.11
375.057895525,-5.9878
375.557111357,-6.49069999999
376.056327191,-6.09639999999
376.555543025,-6.1002
377.054758858,-5.9767
377.553974691,-5.97229999999
378.053190523,-5.959
378.552406358,-5.905
379.051622191,-5.9311
379.550838025,-5.9102
380.050053858,-5.92389999999
380.54926969,-5.9593
381.048485524,-5.99619999999
381.547701357,-5.997
382.046917191,-6.11320000001
382.546133023,-6.1822
383.045348858,-6.2787
383.544564691,-6.3789
384.043780523,-6.3998
384.542996357,-6.37450000001
385.042212192,-6.4047
385.541428025,-6.44650000001
386.040643857,-6.512
386.539859691,-6.618
387.039075524,-6.7153
387.538291358,-7.3735
388.037507191,-8.16160000001
388.536723026,-7.97070000001
389.035938858,-8.01639999999
389.53515469,-7.2619
390.034370525,-7.2853
390.533586356,-7.8069
391.032802191,-8.1813
391.532018024,-7.71550000001
392.031233858,-7.1375
392.530449691,-6.7357
393.029665524,-6.6908
393.528881357,-6.5665
394.028097191,-6.4411
394.527313025,-6.30929999999
395.026528857,-6.2991
395.525744691,-6.23850000001
396.024960524,-6.2053
396.524176359,-6.15949999999
397.023392191,-6.12820000001
397.522608023,-6.16
398.021823858,-6.1504
398.521039693,-6.1784
399.020255525,-6.2301
399.519471357,-6.34510000001
400.018687191,-6.8852
400.517903024,-7.1836
401.017118857,-7.0239
401.516334692,-6.9134
402.015550525,-7.1716
402.514766357,-6.5431
403.013982191,-6.53630000001
403.513198026,-6.7565
404.012413858,-6.48299999999
404.511629692,-5.9529
405.010845524,-5.95419999999
405.510061359,-6.0361
406.009277192,-6.13129999999
406.508493024,-6.14
407.007708858,-6.07180000001
407.50692469,-5.9889
408.006140525,-6.0197
408.505356358,-6.08500000001
409.004572192,-6.1684
409.503788024,-6.2163
410.003003857,-6.2836
410.502219692,-6.2947
411.001435523,-6.4023
411.500651358,-6.7307
411.999867191,-6.8888
412.499083026,-7.3266
412.998298858,-7.5922
413.49751469,-7.7828
413.996730525,-7.7847
414.495946357,-7.09940000001
414.99516219,-7.0527
415.494378024,-7.715
415.993593859,-7.6642
416.492809691,-7.2994
416.992025524,-6.7988
417.491241359,-6.8075
417.990457192,-6.8535
418.489673025,-6.8643
418.988888858,-6.92999999999
419.488104691,-7.0529
419.987320523,-7.63529999999
420.486536358,-8.25870000001
420.985752192,-8.31909999999
421.484968026,-8.3272
421.984183858,-8.1789
422.48339969,-7.6976
422.982615525,-8.0091
423.481831358,-8.2985
423.981047192,-8.33259999999
424.480263024,-8.23149999999
424.979478859,-7.7306
425.478694691,-7.1317
425.977910524,-6.95789999999
426.477126358,-6.7654
426.97634219,-6.60980000001
427.475558025,-6.6231
427.974773858,-6.6298
428.473989693,-6.5732
428.973205524,-6.59390000001
429.472421357,-6.6185
429.971637192,-6.98699999999
430.470853024,-7.3844
430.970068858,-7.5445
431.469284691,-7.1547
431.968500525,-6.95269999999
432.467716358,-7.1474
432.966932191,-7.22070000001
433.466148025,-7.2736
433.965363857,-7.0156
434.464579691,-6.40700000001
434.963795525,-6.423
435.463011358,-6.2464
435.962227191,-6.1562
436.461443023,-6.1238
436.960658858,-6.1737
437.459874692,-6.09080000001
437.959090524,-6.25629999999
438.458306358,-6.2966
438.957522191,-6.27710000001
439.456738023,-6.34880000001
439.955953858,-6.4019
440.455169691,-6.5563
440.954385525,-6.5776
441.453601358,-6.61840000001
441.95281719,-6.63830000001
442.452033024,-7.0646
442.951248857,-7.28780000001
443.450464692,-7.8419
443.949680524,-7.91899999999
444.448896359,-7.9847
444.948112191,-7.1654
445.447328024,-7.11629999999
445.946543858,-7.8076
446.44575969,-7.6413
446.944975524,-6.9105
447.444191357,-6.889
447.943407192,-6.811
448.442623025,-6.58809999999
448.941838857,-6.379
449.44105469,-6.19349999999
449.940270524,-6.1067
450.439486359,-5.99280000001
450.93870219,-5.9584
451.437918024,-5.9175
451.937133857,-5.9562
452.43634969,-5.90270000001
452.935565524,-5.9198
453.434781357,-5.92539999999
453.933997191,-5.9301
454.433213023,-5.8484
454.932428858,-5.8276
455.43164469,-5.7138
455.930860523,-5.71189999999
456.430076357,-5.7018
456.929292192,-5.6799
457.428508025,-5.7761
457.927723856,-5.9105
458.426939691,-5.9636
458.926155524,-5.9277
459.425371357,-5.9618
459.92458719,-5.9801
460.423803025,-6.0523
460.923018858,-6.14380000001
461.42223469,-6.1985
461.921450525,-6.226
462.420666357,-6.2098
462.919882192,-6.2602
463.419098024,-6.46460000001
463.918313858,-6.4853
464.417529692,-6.6551
464.916745525,-6.7692
465.415961358,-6.7941
465.915177191,-6.8082
466.414393024,-6.8615
466.913608856,-6.95480000001
467.412824691,-7.7028
467.912040525,-8.0254
468.411256359,-8.18459999999
468.91047219,-8.16770000001
469.409688023,-7.8377
469.908903858,-7.20849999999
470.408119693,-7.9528
470.907335524,-8.13920000001
471.406551357,-7.9807
471.905767192,-7.47870000001
472.404983024,-7.27340000001
472.904198859,-6.9712
473.403414691,-6.7671
473.902630525,-6.7028
474.401846358,-6.65889999999
474.901062191,-6.4939
475.400278025,-6.36599999999
475.899493857,-6.3475
476.398709691,-6.4489
476.897925525,-6.3211
477.397141359,-6.3573
477.896357191,-6.2871
478.395573023,-6.226
478.893728223,-6.1893
479.391883418,-6.1614
479.890038616,-6.1645
480.388193813,-6.2369
480.88634901,-6.4164
481.384504208,-6.46000000001
481.882659405,-6.4708
482.380814603,-6.48480000001
482.8789698,-6.59050000001
483.377124998,-6.4713
483.875280196,-6.7914
484.373435392,-7.0601
484.87159059,-6.93180000001
485.369745788,-7.5861
485.867900985,-7.7849
486.366056182,-7.6666
486.864211379,-7.31759999999
487.362366577,-7.1146
487.860521775,-7.3939
488.358676972,-7.6277
488.856832169,-7.4797
489.354987367,-7.1009
489.853142564,-6.80710000001
490.351297762,-6.64539999999
490.849452959,-6.5235
491.347608155,-6.50930000001
491.845763355,-6.47010000001
492.343918549,-6.4333
492.842073747,-6.44809999999
493.340228947,-6.5119
493.838384142,-6.4408
494.336539342,-6.4887
494.834694537,-6.4901
495.332849734,-6.32120000001
495.831004931,-6.40459999999
496.329160129,-6.3492
496.827315327,-6.412
497.325470524,-6.52250000001
497.823625721,-6.7703
498.321780918,-6.63219999999
498.819936116,-6.743
499.318091314,-6.7858
499.816246511,-7.1145
500.314401708,-6.8667
500.812556906,-7.413
501.310712103,-7.67600000001
501.808867301,-7.67969999999
502.307022498,-7.63099999999
502.805177696,-7.33259999999
503.303332893,-7.0123
503.80148809,-7.25229999999
504.299643288,-7.59
504.797798486,-7.5337
505.295953683,-7.2693
505.79410888,-6.72259999999
506.292264077,-6.5662
506.790419273,-6.4461
507.288574473,-6.41590000001
507.78672967,-6.3728
508.284884865,-6.27899999999
508.783040065,-6.1985
509.28119526,-6.2681
509.77935046,-6.2366
510.277505655,-6.3319
510.775660853,-6.36410000001
511.27381605,-6.3982
511.771971248,-6.3762
512.270126444,-6.29730000001
512.768281642,-6.3097
513.26643684,-6.35890000001
513.764592037,-6.45970000001
514.262747235,-6.56879999999
514.760902432,-6.69130000001
515.259057629,-6.8284
515.757212827,-6.9513
516.255368024,-7.4417
516.753523221,-8.1761
517.251678419,-8.28230000001
517.749833616,-8.38740000001
518.247988814,-8.33070000001
518.746144012,-7.8021
519.244299209,-7.25870000001
519.742454407,-7.59080000001
520.240609603,-7.2335
520.738764801,-7.0557
521.236919999,-7.55220000001
521.735075196,-7.5962
522.233230392,-7.3722
522.731385591,-7.6268
523.229540788,-6.8288
523.727695983,-6.6351
524.225851182,-6.89840000001
524.724006379,-7.0805
525.222161578,-6.9173
525.720316773,-6.6933
526.218471971,-6.50229999999
526.716627168,-6.61810000001
527.214782366,-6.9599
527.712937563,-7.3051
528.21109276,-7.4642
528.709247958,-7.4809
529.207403155,-7.4379
529.705558353,-7.167
530.203713551,-6.7035
530.701868748,-6.909
531.200023946,-7.4022
531.698179142,-6.9356
532.19633434,-7.0334
532.694489538,-7.3233
533.192644735,-7.35769999999
533.690799932,-7.2353
534.18895513,-7.03140000001
534.687110327,-6.841
535.185265525,-7.3049
535.683420722,-7.40429999999
536.181575919,-7.0353
536.679731117,-6.7745
537.177886314,-6.6977
537.676041512,-6.57889999999
538.17419671,-6.4313
538.672351907,-6.3146
539.170507102,-6.288
539.668662302,-6.3066
540.166817497,-6.2926
540.664972697,-6.26360000001
541.163127892,-6.26579999999
541.66128309,-6.31540000001
542.159438289,-6.3768
542.657593484,-6.48330000001
543.155748681,-6.76700000001
543.653903879,-7.3848
544.152059076,-7.58560000001
544.650214273,-7.641
545.148369471,-7.3728
545.646524669,-7.6251
546.144679866,-7.7841
546.642835064,-7.6148
547.140990261,-7.29399999999
547.639145458,-7.2984
548.137300656,-6.7691
548.635455853,-6.6531
549.133611051,-6.5353
549.631766249,-6.5702
550.129921445,-6.4967
550.628076643,-6.4762
551.12623184,-6.51489999999
551.624387037,-6.5034
552.122542235,-6.5031
552.620697432,-6.44839999999
553.11885263,-6.5074
553.617007828,-6.50320000001
554.115163025,-6.5434
554.61331822,-6.6897
555.11147342,-6.9093
555.609628615,-7.4106
556.107783815,-7.69500000001
556.605939012,-7.8021
557.104094208,-7.7669
557.602249407,-7.41190000001
558.100404603,-7.7303
558.5985598,-7.06540000001
559.096714998,-6.9856
559.594870195,-6.6728
560.093025392,-7.2338
560.591180589,-6.7861
561.089335787,-6.49589999999
561.587490984,-6.41989999999
562.085646182,-6.39690000001
562.583801378,-6.2944
563.081956577,-6.0966
563.580111774,-6.0551
564.078266971,-6.037
564.576422169,-6.0457
565.074577367,-6.0958
565.572732564,-6.1149
566.070887762,-6.1271
566.569042958,-6.17230000001
567.067198156,-6.1495
567.565353354,-6.1954
568.063508551,-6.1581
568.561663748,-6.1341
569.059818946,-6.1249
569.557974143,-6.11599999999
570.056129338,-6.167
570.554284537,-6.13099999999
571.052439736,-6.09819999999
571.550594933,-6.1532
572.04875013,-6.1977
572.546905326,-6.1335
573.045060526,-6.2464
573.543215721,-6.4209
574.041370917,-6.4828
574.539526115,-6.43670000001
575.037681314,-6.4503
575.53583651,-6.50629999999
576.033991708,-6.57249999999
576.532146906,-6.6646
577.030302103,-6.79549999999
577.5284573,-7.0027
578.026612497,-7.54210000001
578.524767695,-7.94960000001
579.022922892,-7.9834
579.521078089,-8.12480000001
580.019233287,-8.01609999999
580.517388485,-7.84510000001
581.015543682,-7.5529
581.51369888,-7.2727
582.011854076,-7.0931
582.510009274,-6.7561
583.008164472,-6.6303
583.506319669,-6.4896
584.004474867,-6.48940000001
584.502630065,-6.4031
585.000785262,-6.43060000001
585.498940457,-6.40640000001
585.997095656,-6.3316
586.495250854,-6.2907
586.993406051,-6.21709999999
587.491561248,-6.1979
587.989716444,-6.4276
588.487871644,-6.7583
588.986026839,-6.8815
589.484182036,-6.777
589.982337234,-6.64870000001
590.480492431,-6.768
590.980459336,-6.7356
591.480426238,-6.5074
591.980393144,-6.1881
592.480360046,-6.0496
592.980326949,-6.02
593.480293851,-5.9688
593.980260756,-5.9218
594.480227658,-6.00539999999
594.980194561,-5.9982
595.480161466,-6.0613
595.980128369,-6.1069
596.480095273,-6.1519
596.980062176,-6.16959999999
597.480029079,-6.2444
597.979995982,-6.27280000001
598.479962886,-6.30130000001
598.979929788,-6.4326
599.479896694,-6.4847
599.979863596,-6.5441
600.479830499,-6.53810000001
600.979797403,-6.63250000001
601.479764306,-6.6643
601.979731208,-6.9498
602.479698112,-7.7499
602.979665016,-7.96060000001
603.479631919,-8.03049999999
603.979598824,-8.1657
604.479565726,-8.06419999999
604.979532629,-8.13529999999
605.479499534,-7.49589999999
605.979466436,-7.2329
606.479433338,-7.0211
606.979400244,-6.9341
607.479367146,-6.6544
607.979334049,-6.49280000001
608.479300953,-6.43769999999
608.979267856,-6.3489
609.479234758,-6.3034
609.979201664,-6.2837
610.479168566,-6.2929
610.979135469,-6.32709999999
611.479102374,-6.29979999999
611.979069277,-6.30680000001
612.479036179,-6.274
612.979003083,-6.2877
613.478969986,-6.3195
613.978936891,-6.32090000001
614.478903794,-6.3952
614.978870696,-6.44809999999
615.478837599,-6.52499999999
615.978804503,-6.5131
616.478771406,-6.4978
616.978738309,-6.7025
617.478705213,-6.86900000001
617.978672116,-6.9829
618.47863902,-7.1722
618.978605924,-7.34970000001
619.478572826,-7.21219999999
619.978539729,-6.872
620.478506633,-6.61289999999
620.978473536,-6.40119999999
621.478440441,-6.37179999999
621.978407343,-6.382
622.478374246,-6.4028
622.978341151,-6.3296
623.478308053,-6.2341
623.978274956,-6.2038
624.478241859,-6.1778
624.978208764,-6.19319999999
625.478175666,-6.19839999999
625.978142571,-6.1593
626.478109474,-6.1789
626.978076377,-6.19590000001
627.478043281,-6.27680000001
627.978010183,-6.23239999999
628.477977086,-6.2433
628.977943991,-6.18120000001
629.477910894,-6.2628
629.977877796,-6.4402
630.477844701,-6.6191
630.977811603,-6.68919999999
631.477778506,-6.7729
631.977745411,-6.9556
632.477712313,-7.13619999999
632.977679216,-7.3198
633.477646121,-8.3763
633.977613024,-8.5431
634.477579926,-8.5751
634.977546831,-8.0307
635.477513733,-7.9326
635.977480639,-8.53479999999
636.477447541,-8.5154
636.977414444,-8.16929999999
637.477381346,-7.87729999999
637.977348251,-7.69779999999
638.477315153,-7.2562
638.977282056,-6.84299999999
639.477248961,-6.6453
639.977215864,-6.4843
640.477182769,-6.38039999999
640.977149671,-6.37820000001
641.477116574,-6.34819999999
641.977083477,-6.22229999999
642.477050381,-6.10890000001
642.977017283,-6.1007
643.476984189,-6.0938
643.976951091,-6.1026
644.476917994,-6.14449999999
644.976884898,-6.0922
645.4768518,-6.0662
645.976818703,-6.057
646.476785607,-6.0243
646.976752511,-6.005
647.476719413,-6.0661
647.976686319,-6.20239999999
648.476653221,-6.2591
648.976620124,-6.27280000001
649.476587028,-6.296
649.976553931,-6.3539
650.476520834,-6.4086
650.976487738,-6.378
651.476454641,-6.4359
651.976421544,-6.6539
652.476388448,-6.78660000001
652.976355351,-6.8692
653.476322253,-7.12480000001
653.976289159,-7.5157
654.476256061,-7.8817
654.976222964,-8.1767
655.476189869,-8.14479999999
655.976156771,-8.0064
656.476123674,-7.99980000001
656.976090578,-7.9284
657.476057481,-7.79889999999
657.976024386,-7.1972
658.475991289,-6.9151
658.975958191,-6.8187
659.475925094,-6.6642
659.975891998,-6.4877
660.475858901,-6.41099999999
660.975825804,-6.2691
661.475792708,-6.2601
661.975759611,-6.1832
662.475726516,-6.1547
662.975693419,-6.1922
663.475660321,-6.1611
663.975627224,-6.01300000001
664.475594128,-6.121
664.975561031,-6.0736
665.475527936,-6.03690000001
665.975494838,-5.9783
666.475461741,-6.0263
666.975428645,-5.99219999999
667.475395548,-6.05620000001
667.97536245,-6.07769999999
668.475329354,-6.11199999999
668.975296258,-6.2274
669.475263161,-6.3155
669.975230066,-6.3444
670.475196969,-6.39999999999
670.975163871,-6.46550000001
671.475130776,-6.8575
671.975097678,-7.1471
672.475064583,-7.23450000001
672.975031486,-7.13800000001
673.474998389,-7.00599999999
673.974965291,-7.45
674.474932195,-7.6007
674.974899098,-7.60030000001
675.474866002,-7.77770000001
675.974832906,-7.9341
676.474799808,-7.89350000001
676.974766713,-7.6836
677.474733616,-7.67200000001
677.974700519,-7.7233
678.474667421,-7.6661
678.974634325,-7.376
679.474601228,-7.0502
679.974568134,-6.89449999999
680.474535036,-6.648
680.974501939,-6.4519
681.474468841,-6.4425
681.974435746,-6.3697
682.474402648,-6.34050000001
682.974369551,-6.3979
683.474336456,-6.53
683.974303358,-6.7194
684.474270264,-6.91469999999
684.974237166,-7.14690000001
685.474204069,-7.3839
685.974170971,-7.8559
686.474137876,-8.5411
686.974104778,-8.7086
687.474071683,-8.6603
687.974038586,-8.5882
688.474005489,-8.5487
688.973972393,-8.16409999999
689.473939295,-8.0545
689.973906198,-7.84729999999
690.473873101,-7.4921
690.973840006,-7.3701
691.473806908,-7.1354
691.973773814,-6.6119
692.473740716,-6.3495
692.973707619,-6.2585
693.473674523,-6.1974
693.973641425,-6.23209999999
694.473608331,-6.155
694.973575234,-6.0673
695.473542136,-6.049
695.973509038,-6.0662
696.473475943,-6.0304
696.973442846,-6.0157
697.473409749,-6.08620000001
697.973376653,-6.08590000001
698.473343556,-6.05379999999
698.973310461,-6.13310000001
699.473277364,-6.0242
699.973244266,-6.02710000001
700.473211169,-5.9789
700.973178073,-5.92819999999
701.473144976,-5.9703
701.973111881,-5.9903
702.473078784,-6.0141
702.973045686,-5.9909
703.47301259,-5.96369999999
703.972979493,-5.9161
704.472946395,-5.9553
704.972913299,-5.961
705.472880203,-6.031
705.972847106,-6.0943
706.472814011,-6.1219
706.972780914,-6.17630000001
707.472747816,-6.23179999999
707.972714721,-6.307
708.472681623,-6.3621
708.972648525,-6.5019
709.472615431,-6.7761
709.972582333,-7.0643
710.472549236,-7.8891
710.97251614,-8.6683
711.472483043,-8.7996
711.972449946,-8.8465
712.472416851,-8.63529999999
712.972383753,-8.4175
713.472350656,-8.5612
713.972317561,-8.7616
714.472284464,-8.89599999999
714.972251366,-8.8673
715.47221827,-8.4252
715.972185173,-7.4984
716.472152078,-7.0411
716.972118981,-6.77469999999
717.472085883,-6.63189999999
717.972052786,-6.5347
718.47201969,-6.5279
718.971986593,-6.5675
719.471953496,-6.5436
719.971920401,-6.5511
720.471887303,-6.5255
720.971854208,-6.5836
721.471821111,-6.5321
721.971788014,-6.44289999999
722.471754916,-6.38430000001
722.971721821,-6.34970000001
723.471688723,-6.357
723.971655629,-6.3651
724.471622531,-6.37790000001
724.971589433,-6.3613
725.471556338,-6.3184
725.97152324,-6.27310000001
726.471490143,-6.2675
726.971457046,-6.2543
727.47142395,-6.1893
727.971390853,-6.2
728.471357759,-6.21829999999
728.971324661,-6.1994
729.471291564,-6.1749
729.971258468,-6.2273
730.471225371,-6.2317
730.971192273,-6.2669
731.471159178,-6.2389
731.971126081,-6.24490000001
732.471092983,-6.3674
732.970746841,-6.4529
733.470400699,-6.4246
733.970054555,-6.4964
734.469708413,-6.52069999999
734.969362271,-6.66899999999
735.469016127,-7.07769999999
735.968669985,-7.1686
736.468323843,-7.8505
736.967977701,-8.2267
737.467631559,-8.179
737.967285414,-8.1557
738.466939273,-8.1771
738.966593131,-8.01949999999
739.466246986,-8.07150000001
739.965900844,-7.90089999999
740.465554702,-7.408
740.965208558,-7.11470000001
741.464862415,-7.5362
741.964516274,-7.83199999999
742.46417013,-7.8884
742.963823988,-7.7215
743.463477845,-7.4201
743.963131701,-7.5667
744.462785559,-7.7344
744.962439417,-7.7689
745.462093272,-7.507
745.961747131,-7.09269999999
746.461400989,-6.6496
746.961054847,-6.318
747.460708705,-6.2825
747.96036256,-6.2852
748.460016418,-6.2452
748.959670277,-6.14599999999
749.459324132,-6.1372
749.95897799,-6.171
750.458631848,-6.2445
750.958285704,-6.32769999999
751.457939562,-6.296
751.95759342,-6.3241
752.457247276,-6.48940000001
752.956901134,-6.59329999999
753.456554991,-6.69680000001
753.956208847,-6.82399999999
754.455862706,-7.0353
754.955516564,-7.52529999999
755.455170419,-7.8469
755.954824277,-7.8391
756.454478135,-7.8797
756.954131993,-7.84110000001
757.453785851,-7.81170000001
757.953439706,-7.7745
758.453093564,-7.72440000001
758.952747422,-7.717
759.452401278,-7.6698
759.952055136,-7.6145
760.451708994,-7.3386
760.95136285,-6.8784
761.451016708,-6.7271
761.950670566,-6.7029
762.450324424,-6.8186
762.94997828,-6.79829999999
763.449632138,-6.7469
763.949285996,-6.8558
764.448939852,-7.0414
764.94859371,-7.1061
765.448247567,-7.37300000001
765.947901423,-7.8707
766.447555281,-7.9803
766.94720914,-7.9629
767.446862997,-7.6715
767.946516852,-7.4736
768.44617071,-7.7596
768.945824568,-7.65549999999
769.445478426,-7.3544
769.945132282,-6.9562
770.44478614,-6.817
770.944439998,-6.7356
771.444093854,-6.75440000001
771.943747712,-6.8986
772.44340157,-6.899
772.943055426,-7.06510000001
773.442709284,-7.1637
773.942363142,-7.48540000001
774.442016998,-7.81879999999
774.941670856,-7.8808
775.441324714,-8.2939
775.940978572,-8.2588
776.440632427,-8.4273
776.940286285,-8.41800000001
777.439940144,-8.2709
777.939594001,-8.1982
778.439247857,-7.795
778.938901715,-7.53509999999
779.438555572,-7.2221
779.938209428,-7.3058
780.437863286,-7.9201
780.937517144,-7.7213
781.437171,-7.5548
781.936824858,-7.0456
782.436478716,-6.74310000001
782.936132572,-6.5817
783.43578643,-6.5165
783.935440288,-6.421
784.435094144,-6.38400000001
784.934748002,-6.35619999999
785.43440186,-6.3891
785.934055718,-6.1542
786.433709576,-6.2548
786.933363431,-6.26059999999
787.433017289,-6.2749
787.932671148,-6.20050000001
788.432325003,-6.32120000001
788.931978861,-6.3325
789.431632719,-6.15760000001
789.931286575,-6.1594
790.430940433,-6.1452
790.930594291,-6.2225
791.430248146,-6.0243
791.929902005,-6.0806
792.429555862,-6.06020000001
792.929209718,-5.99800000001
793.428863576,-5.95329999999
793.928517434,-6.00719999999
794.428171289,-6.0272
794.927825148,-5.9752
795.427479006,-5.9896
795.927132864,-5.9556
796.426786722,-5.9476
796.926440577,-6.0678
797.426094435,-6.1468
797.925748294,-6.06690000001
798.425402149,-6.10249999999
798.925056007,-6.14810000001
799.424709865,-6.1059
799.924363721,-6.1274
800.424017579,-6.26669999999
800.923671437,-6.25719999999
801.423325293,-6.3367
801.922979151,-6.40270000001
802.422633008,-6.48510000001
802.922286866,-6.44590000001
803.421940722,-6.565
803.92159458,-6.8605
804.421248438,-7.1308
804.920902294,-7.3538
805.420556152,-7.53720000001
805.92021001,-8.2561
806.419863868,-8.47840000001
806.919517723,-8.8377
807.419171581,-9.1231
807.918825439,-9.1069
808.418479295,-9.0674
808.918133153,-8.5536
809.417787011,-8.66959999999
809.917440869,-9.0236
810.417094725,-8.50750000001
810.916748583,-8.00199999999
811.416402441,-7.8397
811.916056297,-7.5048
812.415710155,-7.11289999999
812.915364013,-6.9256
813.415017869,-6.761
813.914671727,-6.53200000001
814.414325584,-6.4243
814.91397944,-6.3475
815.413633297,-6.2787
815.913287156,-6.2748
816.412941014,-6.24920000001
816.912594872,-6.2393
817.412248727,-6.31110000001
817.911902585,-6.3855
818.411556443,-6.32829999999
818.911210299,-6.2684
819.410864157,-6.3397
819.910518015,-6.3955
820.410171871,-6.41310000001
820.909825729,-6.46890000001
821.409479587,-6.6035
821.909133443,-6.7335
822.408787301,-6.822
822.908441159,-6.9469
823.408095015,-7.09910000001
823.907748873,-7.4927
824.407402731,-8.0374
824.907056589,-8.18610000001
825.406710444,-8.2121
825.906364302,-8.1949
826.406018161,-8.005
826.905672018,-7.68889999999
827.405325874,-7.8541
827.904979731,-7.9467
828.404633589,-7.87119999999
828.904287446,-7.5805
829.403941303,-7.0999
829.903595161,-6.8245
830.403249017,-6.6156
830.902902875,-6.56200000001
831.402556733,-6.5431
831.902210589,-6.48050000001
832.401864447,-6.37179999999
832.901518305,-6.3855
833.40117216,-6.4623
833.900826019,-6.5668
834.400479877,-6.53350000001
834.900133735,-6.7196
835.399787593,-6.72229999999
835.899441448,-6.7267
836.399095306,-6.6591
836.898749165,-6.44869999999
837.39840302,-6.4362
837.898056878,-6.3458
838.397710736,-6.2867
838.897364592,-6.32670000001
839.39701845,-6.43210000001
839.896672307,-6.5955
840.396326163,-6.6675
840.895980021,-6.8334
841.395633879,-7.00440000001
841.895287735,-7.234
842.394941593,-7.8073
842.894595451,-7.9914
843.394249309,-8.0316
843.893903165,-8.0778
844.393557023,-8.02959999999
844.893210881,-8.0382
845.392864739,-7.9878
845.892518594,-7.72990000001
846.392172452,-7.63499999999
846.89182631,-7.6774
847.391480166,-7.65790000001
847.891134024,-7.5309
848.390787882,-7.1581
848.890441738,-7.4886
849.390095596,-7.5368
849.889749453,-7.50659999999
850.389403312,-7.58590000001
850.889057168,-7.54489999999
851.388711026,-6.9302
851.888364883,-7.1342
852.388018739,-7.1876
852.886233471,-6.7683
853.384448203,-6.6029
853.882662937,-6.4234
854.380877669,-6.34179999999
854.879092402,-6.3269
855.377307134,-6.3413
855.875521866,-6.3483
856.373736597,-6.292
856.871951332,-6.3144
857.370166064,-6.2948
857.868380796,-6.31690000001
858.366595528,-6.2304
858.864810259,-6.2703
859.363024991,-6.224
859.861239723,-6.243
860.359454458,-6.1167
860.85766919,-6.1219
861.355883921,-6.11350000001
861.854098653,-6.2185
862.352313385,-6.5442
862.850528117,-6.7862
863.348742849,-6.9304
863.846957581,-6.9368
864.345172315,-6.7549
864.843387047,-6.3355
865.341601779,-6.5583
865.839816511,-6.51179999999
866.338031243,-6.4305
866.836245975,-6.427
867.334460707,-6.55250000001
867.832675439,-6.63129999999
868.330890171,-6.7497
868.829104905,-7.1483
869.327319637,-7.6303
869.825534369,-7.86930000001
870.323749101,-7.9476
870.821963833,-7.9725
871.320178565,-8.0189
871.818393297,-8.03320000001
872.31660803,-7.96890000001
872.814822761,-7.6977
873.313037495,-7.66710000001
873.811252228,-7.5543
874.30946696,-7.57859999999
874.807681692,-7.49770000001
875.305896423,-7.0496
875.804111158,-6.90360000001
876.30232589,-6.9546
876.800540622,-6.981
877.298755354,-7.0512
877.796970085,-7.1908
878.295184817,-7.4172
878.793399549,-8.07030000001
879.291614281,-8.3373
879.789829016,-8.3621
880.288043747,-8.3725
880.786258479,-8.0376
881.284473211,-8.3542
881.782687943,-8.4691
882.280902675,-8.3077
882.779117407,-7.7185
883.277332139,-7.38529999999
883.775546871,-6.9596
884.273761605,-6.7332
884.771976337,-6.5966
885.270191069,-6.4518
885.768405801,-6.4184
886.266620533,-6.35309999999
886.764835265,-6.3302
887.263049997,-6.24770000001
887.761264729,-6.2018
888.259479463,-6.2142
888.757694195,-6.4403
889.255908927,-6.7454
889.754123659,-6.74830000001
890.252338391,-6.8854
890.750553124,-6.74649999999
891.248767856,-6.71219999999
891.746982587,-6.8936
892.245197319,-7.0686
892.743412054,-7.05250000001
893.241626786,-6.9182
893.739841518,-6.6917
894.238056249,-6.6548
894.736270981,-6.708
895.234485716,-6.8798
895.732700448,-7.3193
896.23091518,-7.5877
896.729129911,-7.7746
897.227344643,-7.9179
897.725559375,-7.9489
898.223774107,-7.6505
898.721988839,-7.1961
899.220203573,-6.93150000001
899.718418305,-7.2142
900.216633037,-7.1991
900.714847769,-6.65790000001
901.213062501,-6.427
901.711277233,-6.3625
902.209491965,-6.26549999999
902.707706697,-6.2644
903.205921429,-6.2742
903.704136163,-6.26579999999
904.202350895,-6.27650000001
904.700565627,-6.3628
905.198780359,-6.3939
905.696995091,-6.37549999999
906.195209823,-6.3973
906.693424555,-6.4222
907.191639287,-6.4703
907.689854021,-6.671
908.188068753,-6.89870000001
908.686283485,-7.0468
909.184498217,-7.2531
909.682712949,-7.43829999999
910.180927682,-7.6762
910.679142414,-8.32180000001
911.177357145,-9.0212
911.67557188,-9.2902
912.173786612,-9.3057
912.672001344,-9.3021
913.170216076,-9.30929999999
913.668430807,-8.961
914.166645542,-8.5672
914.664860274,-8.79949999999
915.163075006,-9.118
915.661289738,-9.0912
916.159504469,-8.9932
916.657719201,-8.33409999999
917.155933933,-7.5778
917.654148665,-7.1704
918.152363397,-6.6954
918.650578131,-6.5281
919.148792863,-6.4618
919.647007595,-6.4209
920.145222327,-6.3036
920.643437059,-6.234
921.141651791,-6.15850000001
921.639866523,-6.14260000001
922.138081255,-6.12729999999
922.636295987,-6.12
923.134510721,-6.0866
923.632725453,-6.0287
924.130940185,-6.0567
924.629154917,-6.0839
925.127369649,-6.1183
925.625584381,-6.1333
926.123799113,-6.13770000001
926.622013845,-6.10219999999
927.120228579,-6.1308
927.618443311,-6.1349
928.116658043,-6.0866
928.614872775,-6.0747
929.113087508,-6.0653
929.61130224,-6.1047
930.109516971,-6.1391
930.607731706,-6.1792
931.105946438,-6.25840000001
931.60416117,-6.3524
932.102375902,-6.4066
932.600590633,-6.557
933.098805365,-6.67969999999
933.5970201,-6.7277
934.095234832,-6.9293
934.593449564,-7.33229999999
935.091664295,-7.704
935.589879027,-8.1155
936.088093759,-8.2013
936.586308491,-8.2662
937.084523223,-8.243
937.582737955,-8.05899999999
938.080952689,-7.6706
938.579167421,-7.47530000001
939.077382153,-7.71369999999
939.575596885,-7.3288
940.073811617,-7.19409999999
940.572026349,-6.80710000001
941.070241081,-6.55650000001
941.568455813,-6.3683
942.066670545,-6.3962
942.564885279,-6.4259
943.063100011,-6.43520000001
943.561314743,-6.46709999999
944.059529475,-6.46189999999
944.557744207,-6.4984
945.055958939,-6.5107
945.554173671,-6.41770000001
946.052388404,-6.4261
946.550603136,-6.417
947.048817869,-6.48789999999
947.547032602,-6.54489999999
948.045247334,-6.57829999999
948.543462066,-6.6639
949.041676798,-6.8098
949.539891529,-7.2616
950.038106264,-7.8606
950.536320996,-7.97870000001
951.034535728,-7.7227
951.53275046,-8.04489999999
952.030965191,-8.29459999999
952.529179923,-8.0959
953.027394655,-7.59
953.52560939,-7.1958
954.023824122,-6.894
954.522038853,-6.6847
955.020253585,-6.5603
955.518468317,-6.4623
956.016683049,-6.4167
956.514897781,-6.5058
957.013112513,-6.42969999999
957.511327247,-6.42419999999
958.009541979,-6.4711
958.507756711,-6.3973
959.005971443,-6.3317
959.504186175,-6.2308
960.002400907,-6.32580000001
960.500615639,-6.27529999999
960.998830371,-6.3352
961.497045103,-6.35460000001
961.995259837,-6.3521
962.493474569,-6.4715
962.991689301,-6.4975
963.489904033,-6.524
963.988118765,-6.70110000001
964.486333497,-6.93210000001
964.984548229,-7.59359999999
965.482762962,-7.576
965.980977693,-7.8842
966.479192427,-7.9169
966.97740716,-7.9396
967.475621892,-8.053
967.973836624,-7.83930000001
968.472051355,-7.4181
968.97026609,-6.99159999999
969.468480822,-6.8098
969.966695554,-6.73820000001
970.464910286,-6.6871
970.963125017,-6.6566
971.461339749,-6.8318
971.961291207,-6.7445
972.461242666,-6.9108
972.961194124,-7.07640000001
973.461145581,-7.6444
973.961097039,-7.6029
974.461048498,-7.2173
974.960999956,-6.86629999999
975.460951413,-6.6453
975.960902871,-6.7405
976.46085433,-6.56759999999
976.960805788,-6.43309999999
977.460757244,-6.3809
977.960708702,-6.3544
978.460660161,-6.30439999999
978.96061162,-6.3616
979.460563078,-6.36139999999
979.960514537,-6.33620000001
980.460465993,-6.43889999999
980.960417451,-6.45209999999
981.460368909,-6.47840000001
981.960320368,-6.3241
982.460271824,-6.59540000001
982.960223283,-6.5053
983.460174741,-6.935
983.9601262,-6.8961
984.460077656,-7.2444
984.960029115,-7.92720000001
985.459980573,-8.3478
985.959932032,-8.3483
986.45988349,-8.32709999999
986.959834949,-8.3465
987.459786404,-8.10679999999
987.959737863,-7.44040000001
988.459689321,-7.22229999999
988.95964078,-6.7323
989.459592236,-6.5045
989.959543695,-6.35189999999
990.459495153,-6.2599
990.959446611,-6.2159
991.459398068,-6.1214
991.959349527,-6.01179999999
992.459300985,-6.0157
992.959252443,-5.861
993.459203902,-5.9702
993.95915536,-6.0144
994.459106816,-6.06110000001
994.959058274,-6.06419999999
995.459009733,-6.0938
995.958961191,-6.0868
996.458912648,-6.05190000001
996.958864106,-6.12330000001
997.458815565,-6.212
997.958767023,-6.0851
998.45871848,-6.1085
998.958669938,-6.11659999999
999.458621397,-6.18150000001
999.958572855,-6.1925
1000.45852431,-6.24739999999
1000.95847577,-6.2846
1001.45842723,-6.3167
1001.95837869,-6.3851
1002.45833015,-6.4184
1002.9582816,-6.5337
1003.45823306,-6.5068
1003.95818452,-6.6632
1004.45813598,-6.8444
1004.95808744,-7.2948
1005.45803889,-8.02830000001
1005.95799035,-8.2015
1006.45794181,-8.32369999999
1006.95789327,-8.5528
1007.45784473,-8.51270000001
1007.95779618,-8.397
1008.45774764,-7.26760000001
1008.9576991,-7.3443
1009.45765056,-6.9872
1009.95760202,-6.90949999999
1010.45755347,-6.8417
1010.95750493,-6.84880000001
1011.45745639,-6.5552
1011.95740785,-6.56299999999
1012.45735931,-6.4866
1012.95731076,-6.4543
1013.45726222,-6.37820000001
1013.95721368,-6.3885
1014.45716514,-6.3973
1014.95711659,-6.398
1015.45706805,-6.44040000001
1015.95701951,-6.53999999999
1016.45697097,-6.8184
1016.95692243,-7.2683
1017.45687389,-7.20389999999
1017.95682534,-6.9807
1018.4567768,-7.2856
1018.95672826,-7.1795
1019.45667972,-6.8042
1019.95663117,-6.7237
1020.45658263,-6.80160000001
1020.95653409,-6.7882
1021.45648555,-6.79790000001
1021.95643701,-6.8052
1022.45638846,-6.75229999999
1022.95633992,-6.6896
1023.45629138,-6.6884
1023.95624284,-6.73149999999
1024.45619429,-6.6845
1024.95614575,-6.5687
1025.45609721,-6.84
1025.95604867,-6.9991
1026.45600013,-7.10340000001
1026.95595159,-7.2415
1027.45590304,-7.3265
1027.9558545,-7.22010000001
1028.45580596,-7.1164
1028.95575742,-6.9679
1029.45570888,-6.8753
1029.95566033,-6.8625
1030.45561179,-6.8458
1030.95556325,-6.853
1031.45551471,-7.34729999999
1031.95546617,-7.62790000001
1032.45541762,-7.7353
1032.95536908,-7.7791
1033.45532054,-7.7527
1033.955272,-7.8649
1034.45522346,-7.9819
1034.95517491,-7.9249
1035.45512637,-7.8717
1035.95507783,-7.6054
1036.45502929,-7.2028
1036.95498075,-6.9817
1037.4549322,-6.7916
1037.95488366,-6.83869999999
1038.45483512,-6.7968
1038.95478658,-6.753
1039.45473804,-6.6698
1039.95468949,-6.6683
1040.45464095,-6.7703
1040.95459241,-6.8587
1041.45454387,-6.8337
1041.95449533,-6.86990000001
1042.45444678,-6.95269999999
1042.95439824,-7.0224
1043.4543497,-7.59
1043.95430116,-7.73299999999
1044.45425262,-7.5815
1044.95420407,-7.82709999999
1045.45415553,-7.8085
1045.95410699,-7.52
1046.45405845,-7.16409999999
1046.95400991,-7.07799999999
1047.45396136,-6.9831
1047.95391282,-6.9418
1048.45386428,-6.9534
1048.95381574,-6.9929
1049.4537672,-6.97259999999
1049.95371866,-7.0292
1050.45367011,-7.04090000001
1050.95362157,-7.3294
1051.45357303,-8.0233
1051.95352449,-7.8379
1052.45347594,-8.2991
1052.9534274,-8.3988
1053.45337886,-8.3749
1053.95333032,-8.3651
1054.45328177,-8.3268
1054.95323323,-7.98880000001
1055.45318469,-7.6485
1055.95313615,-7.2421
1056.45308761,-6.9709
1056.95303907,-6.8962
1057.45299052,-6.7083
1057.95294198,-6.63370000001
1058.45289344,-6.5549
1058.9528449,-6.417
1059.45279635,-6.3606
1059.95274781,-6.3115
1060.45269927,-6.273
1060.95265073,-6.33560000001
1061.45260219,-6.2708
1061.95255365,-6.19040000001
1062.4525051,-6.11870000001
1062.95245656,-6.24679999999
1063.45240802,-6.2527
1063.95235948,-6.2504
1064.45231094,-6.38619999999
1064.95226239,-6.52310000001
1065.45221385,-6.9773
1065.95216531,-7.20050000001
1066.45211677,-7.224
1066.95206822,-7.1964
1067.45201968,-7.2414
1067.95197114,-7.2941
1068.4519226,-7.26300000001
1068.95187406,-7.59570000001
1069.45182552,-7.74589999999
1069.95177697,-7.60799999999
1070.45172843,-7.4181
1070.95167989,-7.5184
1071.45163135,-7.88400000001
1071.9515828,-7.9086
1072.45153426,-7.9078
1072.95148572,-7.94040000001
1073.45143718,-7.8162
1073.95138864,-7.7697
1074.45134009,-7.0819
1074.95129155,-6.8172
1075.45124301,-6.7004
1075.95119447,-6.7056
1076.45114593,-6.62760000001
1076.95109739,-6.5071
1077.45104884,-6.469
1077.9510003,-6.224
1078.45095176,-6.2739
1078.95090322,-6.242
1079.45085468,-6.2464
1079.95080613,-6.0625
1080.45075759,-6.1771
1080.95070905,-6.13039999999
1081.45066051,-6.1416
1081.95061197,-6.111
1082.45056342,-6.16650000001
1082.95051488,-6.1398
1083.45046634,-6.2056
1083.9504178,-6.2648
1084.45036926,-6.3126
1084.95032071,-6.39169999999
1085.45027217,-6.4552
1085.95022363,-6.74589999999
1086.45017509,-6.92389999999
1086.95012655,-7.4994
1087.450078,-7.68730000001
1087.95002946,-7.63920000001
1088.44998092,-7.572
1088.94993238,-7.7151
1089.44988384,-7.81759999999
1089.94983529,-7.68949999999
1090.44978675,-7.2102
1090.94973821,-6.8882
1091.44968967,-6.75629999999
1091.94964112,-6.8113
1092.44959258,-7.3051
1092.94954404,-7.4739
1093.4494955,-7.42359999999
1093.94944696,-7.42329999999
1094.44939841,-7.57090000001
1094.94934987,-7.6124
1095.44930133,-7.52899999999
1095.9482309,-7.4691
1096.44716047,-7.4008
1096.94609004,-6.94560000001
1097.44501961,-6.5206
1097.94394918,-6.336
1098.44287875,-6.2371
1098.94180832,-6.1626
1099.44073789,-6.10769999999
1099.93966746,-6.087
1100.43859702,-6.0524
1100.93752659,-6.0843
1101.43645616,-6.16529999999
1101.93538573,-6.177
1102.4343153,-6.276
1102.93324487,-6.351
1103.43217444,-6.46610000001
1103.93110401,-6.54210000001
1104.43003358,-6.88
1104.92896315,-7.0987
1105.42789272,-7.4328
1105.92682229,-7.6538
1106.42575186,-7.6661
1106.92468143,-7.6431
1107.42361099,-7.5958
1107.92254056,-7.73910000001
1108.42147013,-7.74129999999
1108.9203997,-7.7116
1109.41932927,-7.3582
1109.91825884,-6.9002
1110.41718841,-6.7203
1110.91611798,-6.60799999999
1111.41504755,-6.5707
1111.91397712,-6.60980000001
1112.41290669,-6.6612
1112.91183626,-6.8196
1113.41076582,-7.303
1113.90969539,-7.50659999999
1114.40862496,-7.63400000001
1114.90755453,-7.71950000001
1115.4064841,-7.765
1115.90541367,-7.8462
1116.40434324,-7.7789
1116.90327281,-7.315
1117.40220238,-6.928
1117.90113195,-6.7243
1118.40006152,-6.5638
1118.89899109,-6.41800000001
1119.39792066,-6.33779999999
1119.89685023,-6.26059999999
1120.3957798,-6.19620000001
1120.89470936,-6.12330000001
1121.39363893,-6.0748
1121.8925685,-6.0025
1122.39149807,-5.96369999999
1122.89042764,-5.9243
1123.38935721,-5.9145
1123.88828678,-5.893
1124.38721635,-5.8845
1124.88614592,-5.9105
1125.38507549,-5.9394
1125.88400506,-5.9745
1126.38293463,-5.98850000001
1126.8818642,-5.96460000001
1127.38079376,-5.9522
1127.87972333,-5.9834
1128.37865291,-6.00810000001
1128.87758247,-6.0355
1129.37651204,-6.08199999999
1129.87544161,-6.12270000001
1130.37437118,-6.1878
1130.87330075,-6.30560000001
1131.37223032,-6.42539999999
1131.87115989,-6.49430000001
1132.37008946,-6.56660000001
1132.86901903,-6.6176
1133.3679486,-6.7108
1133.86687817,-7.15180000001
1134.36580774,-7.7206
1134.8647373,-8.00290000001
1135.36366687,-8.0598
1135.86259644,-7.8674
1136.36152601,-7.74430000001
1136.86045558,-7.465
1137.35938515,-7.4336
1137.85831472,-7.90700000001
1138.35724429,-8.11
1138.85617386,-7.9385
1139.35510343,-7.62330000001
1139.854033,-7.0794
1140.35296257,-6.6168
1140.85189214,-6.3156
1141.3508217,-6.0558
1141.84975127,-5.8952
1142.34868084,-5.77439999999
1142.84761041,-5.6885
1143.34653998,-5.6724
1143.84546955,-5.7252
1144.34439912,-5.7156
1144.84332869,-5.6654
1145.34225826,-5.65429999999
1145.84118783,-5.69349999999
1146.3401174,-5.74460000001
1146.83904697,-5.7781
1147.33797654,-5.79399999999
1147.83690611,-5.83259999999

